<?xml version="1.0" encoding="UTF-8"?>
<!DOCTYPE suite SYSTEM "http://testng.org/testng-1.0.dtd">
<suite name="All Test Suite" thread-count="2" parallel="classes">
    <test verbose="2" preserve-order="true"
          name="C:/SampleCodesNewMaster/src/test/java/TestNGSampels/ParallelExecution.java">
        <classes>
            <class name="TestNGSampels.ParallelExecution">
                <methods>
                    <include name="test1"/>
                    <include name="test2"/>
                    <include name="test3"/>
                    <include name="test4"/>
                </methods>
            </class>
            <class name="TestNGSampels.ParallelExecutionSupport">
                <methods>
                    <include name="test5"/>
                    <include name="test6"/>
                    <!--<exclude name="test3"/>
                    <exclude name="test4"/>-->
                </methods>
            </class>
        </classes>
    </test>
</suite>